{
  "timestamp": "2025-02-21 10:31:12.113386",
  "iteration": 4,
  "formula": null,
  "error": 1.567317398599343,
  "conversation": []
}