{
  "timestamp": "2025-02-21 10:04:18.530793",
  "iteration": 1,
  "formula": null,
  "error": 1.567317398599343,
  "conversation": []
}