{
  "timestamp": "2025-02-21 10:38:14.398281",
  "iteration": 5,
  "formula": null,
  "error": 1.567317398599343,
  "conversation": []
}