{
  "timestamp": "2025-02-21 10:20:06.657698",
  "iteration": 3,
  "formula": null,
  "error": 1.567317398599343,
  "conversation": []
}