{
  "timestamp": "2025-02-21 10:10:36.811324",
  "iteration": 2,
  "formula": null,
  "error": 1.567317398599343,
  "conversation": []
}